b_values,p0_values,loglikelihood
3.0,-15.0,276978.5
3.0,-10.0,11204.501953125
1.0,-15.0,1704.846923828125
1.0,-10.0,603.5658569335938
