b_values,p0_values,loglikelihood
3.0,-15.0,44843.2734375
3.0,-10.0,20.400531768798828
1.0,-15.0,1984.315673828125
1.0,-10.0,56482.45703125
