b_values,p0_values,loglikelihood
3.0,-15.0,1222.9752197265625
3.0,-10.0,7.601634979248047
1.0,-15.0,9807.5927734375
1.0,-10.0,865.6227416992188
