b_values,p0_values,loglikelihood
3.0,-15.0,1185.4017333984375
3.0,-10.0,14493.4833984375
1.0,-15.0,10702.4970703125
1.0,-10.0,33025.6953125
