b_values,p0_values,loglikelihood
3.0,-15.0,82955.1796875
3.0,-10.0,7764.6884765625
1.0,-15.0,4602.32470703125
1.0,-10.0,2732.984619140625
