b_values,p0_values,loglikelihood
3.0,-15.0,56437.671875
3.0,-10.0,6706.13916015625
1.0,-15.0,41292.2109375
1.0,-10.0,1772.7266845703125
