b_values,p0_values,loglikelihood
3.0,-15.0,95800.0703125
3.0,-10.0,49504.28125
1.0,-15.0,145960.796875
1.0,-10.0,1224.2423095703125
