b_values,p0_values,loglikelihood
3.0,-15.0,5.226214408874512
3.0,-10.0,942.6292114257812
1.0,-15.0,182758.6875
1.0,-10.0,1083.471435546875
