b_values,p0_values,loglikelihood
3.0,-15.0,15287.6806640625
3.0,-10.0,3807.966064453125
1.0,-15.0,70267.59375
1.0,-10.0,10839.6357421875
