b_values,p0_values,loglikelihood
3.0,-15.0,119.11897277832031
3.0,-10.0,186911.578125
1.0,-15.0,6936.01220703125
1.0,-10.0,6289.259765625
