b_values,p0_values,loglikelihood
3.0,-15.0,13512.44140625
3.0,-10.0,112.10086059570312
1.0,-15.0,58130.32421875
1.0,-10.0,8.453933715820312
