b_values,p0_values,loglikelihood
3.0,-15.0,215.13299560546875
3.0,-10.0,287.4614562988281
1.0,-15.0,17169.201171875
1.0,-10.0,19.318531036376953
