b_values,p0_values,loglikelihood
1.0,-15.0,3059.774169921875
1.0,-10.0,543.80615234375
3.0,-15.0,36212.83984375
3.0,-10.0,36263.64453125
