b_values,p0_values,loglikelihood
3.0,-15.0,56760.0390625
3.0,-10.0,136700.359375
1.0,-15.0,76530.25
1.0,-10.0,14203.3310546875
