b_values,p0_values,loglikelihood
1.0,-15.0,681.6106567382812
1.0,-10.0,9622.6298828125
3.0,-15.0,158.5623321533203
3.0,-10.0,112366.65625
