b_values,p0_values,loglikelihood
3.0,-15.0,59362.51953125
3.0,-10.0,1076.8577880859375
1.0,-15.0,143255.515625
1.0,-10.0,2420.46044921875
