b_values,p0_values,loglikelihood
1.0,-15.0,476.24859619140625
1.0,-10.0,15266.1240234375
3.0,-15.0,6474.55908203125
3.0,-10.0,229.10098266601562
