b_values,p0_values,loglikelihood
3.0,-15.0,346913.34375
3.0,-10.0,418.4939270019531
1.0,-15.0,493.9786376953125
1.0,-10.0,7877.00732421875
