b_values,p0_values,loglikelihood
3.0,-15.0,1095.6878662109375
3.0,-10.0,12.339272499084473
1.0,-15.0,22676.251953125
1.0,-10.0,287.3374938964844
