b_values,p0_values,loglikelihood
3.0,-15.0,1945.68505859375
3.0,-10.0,651.3654174804688
1.0,-15.0,85319.6484375
1.0,-10.0,5227.2802734375
