b_values,p0_values,loglikelihood
3.0,-15.0,209.0349578857422
3.0,-10.0,42998.6796875
1.0,-15.0,6035.07080078125
1.0,-10.0,72.74754333496094
