b_values,p0_values,loglikelihood
1.0,-15.0,15629.193359375
1.0,-10.0,451.9565734863281
3.0,-15.0,3324.5830078125
3.0,-10.0,742.2745361328125
