b_values,p0_values,loglikelihood
3.0,-15.0,64523.3515625
3.0,-10.0,1717.8714599609375
1.0,-15.0,48691.3125
1.0,-10.0,424.2989807128906
