b_values,p0_values,loglikelihood
3.0,-15.0,106513.09375
3.0,-10.0,5956.630859375
1.0,-15.0,9589.931640625
1.0,-10.0,1108.51611328125
