b_values,p0_values,loglikelihood
3.0,-15.0,141496.59375
3.0,-10.0,274.98968505859375
1.0,-15.0,20.904071807861328
1.0,-10.0,2047.4290771484375
