b_values,p0_values,loglikelihood
3.0,-15.0,5678.75048828125
3.0,-10.0,38178.05078125
1.0,-15.0,16835.912109375
1.0,-10.0,435.8187255859375
