b_values,p0_values,loglikelihood
3.0,-15.0,254621.296875
3.0,-10.0,10048.189453125
1.0,-15.0,858.0220336914062
1.0,-10.0,1629.11328125
