b_values,p0_values,loglikelihood
3.0,-15.0,209979.25
3.0,-10.0,1917.3935546875
1.0,-15.0,228.68515014648438
1.0,-10.0,92.22769165039062
