b_values,p0_values,loglikelihood
3.0,-15.0,25821.982421875
3.0,-10.0,45.06842803955078
1.0,-15.0,1816.5809326171875
1.0,-10.0,4076.918212890625
