b_values,p0_values,loglikelihood
1.0,-15.0,257417.609375
1.0,-10.0,103146.75
3.0,-15.0,35.139320373535156
3.0,-10.0,2622.938232421875
