b_values,p0_values,loglikelihood
-10.0,-15.0,7164.277
-10.0,-6.0,867.78125
-1.0,-15.0,256.47134
-1.0,-6.0,7304.1016
