b_values,p0_values,loglikelihood
-10.0,-15.0,555.70154
-10.0,-6.0,1031.9772
-1.0,-15.0,389.45056
-1.0,-6.0,251.83478
