b_values,p0_values,loglikelihood
3.0,-15.0,29588.517578125
3.0,-10.0,2854.75
1.0,-15.0,205587.5625
1.0,-10.0,4429.88134765625
