b_values,p0_values,loglikelihood
3.0,-15.0,1991.9876708984375
3.0,-10.0,170984.6875
1.0,-15.0,223.16632080078125
1.0,-10.0,489.31280517578125
